Year,MeanTemperature
2014,27.26890169
2015,27.480585
2016,27.75601409
2017,27.9299264
2018,28.06007744
2019,28.21005824
2020,28.45683383
