Month,total_average
January,31
February,28.28571429
March,30.14285714
April,30
May,30.57142857
June,28.57142857
July,30.14285714
August,30.57142857
September,29.57142857
Octorber,30.57142857
November,29
December,30.42857143