Year,MeanTemperature
2014,26.16704749
2015,26.81790771
2016,27.25924453
2017,27.69049539
2018,27.79692332
2019,28.10879096
2020,28.71388147
