Year,MeanTemperature
2014,27.58279442
2015,27.73512545
2016,27.90318037
2017,28.08062468
2018,28.23002368
2019,28.42836662
2020,28.67859959
